Ready made,Snacks
Ready made,Toiletries
Ready made,Toiletries,Snacks
Ready made,Milk,Bakery goods
Ready made
Ready made,Bakery goods,Snacks,Tinned Goods
Ready made,Bakery goods
Ready made
Ready made,Milk,Snacks,Tinned Goods
Ready made
Ready made
Ready made,Frozen foods,Alcohol,Milk,Bakery goods,Snacks
Ready made
Ready made,Snacks,Tinned Goods
Ready made
Ready made,Alcohol
Ready made
Ready made,Snacks
Ready made,Bakery goods,Tinned Goods
Ready made,Fresh Vegetables,Tinned Goods
Ready made
Ready made
Ready made
Ready made,Bakery goods,Toiletries,Snacks
Ready made,Snacks
Ready made,Alcohol,Milk,Snacks
Ready made
Ready made,Frozen foods,Snacks
Ready made,Bakery goods,Snacks
Ready made,Alcohol,Bakery goods
Ready made
Ready made,Tinned Goods
Ready made,Frozen foods,Tinned Goods
Ready made,Frozen foods,Snacks
Ready made
Ready made,Bakery goods
Ready made
Ready made
Ready made
Ready made
Ready made,Snacks
Ready made
Ready made
Ready made
Ready made
Ready made,Snacks,Tinned Goods
Ready made
Ready made,Tinned Goods
Ready made
Ready made,Frozen foods,Alcohol,Snacks
Ready made
Ready made,Tinned Goods
Ready made,Snacks
Ready made,Bakery goods,Snacks
Ready made,Frozen foods,Alcohol,Toiletries
Ready made
Ready made,Bakery goods
Ready made,Frozen foods,Alcohol,Snacks
Ready made,Snacks
Ready made,Alcohol
Ready made
Ready made,Snacks,Tinned Goods
Ready made,Frozen foods,Bakery goods,Fresh meat,Tinned Goods
Ready made,Snacks
Ready made,Snacks
Ready made
Ready made,Snacks
Ready made,Frozen foods,Bakery goods,Snacks
Ready made
Ready made,Bakery goods
Ready made,Bakery goods
Ready made,Frozen foods,Bakery goods,Toiletries,Tinned Goods
Ready made,Milk,Snacks
Ready made,Bakery goods
Ready made
Ready made,Snacks,Tinned Goods
Ready made,Alcohol
Ready made,Snacks
Ready made
Ready made,Frozen foods,Alcohol,Toiletries
Ready made,Frozen foods
Ready made
Ready made,Frozen foods
Ready made,Bakery goods
Ready made
Ready made
Ready made
Ready made
Ready made
Ready made
Ready made
Ready made
Ready made,Snacks
Ready made,Snacks,Tinned Goods
Ready made
Ready made,Bakery goods
Ready made,Frozen foods,Tinned Goods
Ready made,Bakery goods
Ready made
Ready made,Frozen foods,Alcohol
Ready made,Snacks,Tinned Goods
Ready made,Snacks
Ready made
Ready made
Ready made,Snacks
Ready made,Frozen foods,Alcohol,Snacks
Ready made
Ready made
Ready made,Milk,Snacks
Ready made,Alcohol,Bakery goods
Ready made,Frozen foods,Toiletries,Snacks
Ready made
Ready made,Bakery goods
Ready made,Snacks,Tinned Goods
Ready made,Bakery goods,Toiletries,Snacks,Tinned Goods
Ready made,Alcohol,Snacks
Ready made,Frozen foods
Ready made
Ready made,Bakery goods
Ready made,Snacks
Ready made,Bakery goods,Snacks
Ready made,Milk,Bakery goods,Snacks
Ready made,Frozen foods,Bakery goods
Ready made,Alcohol,Milk
Ready made
Ready made
Ready made,Bakery goods
Ready made
Ready made,Bakery goods
Ready made
Ready made
Ready made
Ready made
Ready made,Milk,Bakery goods,Toiletries,Snacks
Ready made,Frozen foods,Fresh meat,Snacks,Tinned Goods
Ready made,Snacks
Ready made,Frozen foods,Alcohol,Snacks
Ready made
Ready made,Frozen foods,Alcohol,Snacks
Ready made
Ready made,Alcohol,Snacks
Ready made,Frozen foods,Alcohol,Milk,Bakery goods,Tinned Goods
Ready made
Ready made,Frozen foods
Ready made,Frozen foods,Alcohol,Snacks,Tinned Goods
Ready made,Frozen foods,Alcohol,Fresh Vegetables,Bakery goods,Fresh meat,Snacks,Tinned Goods
Ready made,Frozen foods,Alcohol,Bakery goods,Toiletries,Snacks,Tinned Goods
Ready made,Frozen foods,Alcohol,Bakery goods,Tinned Goods
Ready made,Frozen foods,Alcohol,Milk,Bakery goods,Tinned Goods
Ready made,Frozen foods,Alcohol,Milk,Bakery goods,Snacks,Tinned Goods
Ready made,Frozen foods,Alcohol,Milk,Toiletries,Snacks,Tinned Goods
Ready made,Frozen foods,Alcohol,Bakery goods,Snacks,Tinned Goods
Tinned Goods
Frozen foods,Alcohol,Tinned Goods
Tinned Goods
Tinned Goods
Ready made,Tinned Goods
Ready made,Alcohol,Tinned Goods
Frozen foods,Tinned Goods
Ready made,Frozen foods,Alcohol,Milk,Bakery goods,Fresh meat,Snacks,Tinned Goods
Alcohol,Tinned Goods
Tinned Goods
Tinned Goods
Milk,Tinned Goods
Tinned Goods
Fresh Vegetables,Tinned Goods
Tinned Goods
Tinned Goods
Alcohol,Bakery goods,Tinned Goods
Tinned Goods
Tinned Goods
Ready made,Alcohol,Bakery goods,Snacks,Tinned Goods
Bakery goods,Tinned Goods
Tinned Goods
Fresh Vegetables,Snacks,Tinned Goods
Tinned Goods
Tinned Goods
Tinned Goods
Alcohol,Snacks,Tinned Goods
Tinned Goods
Frozen foods,Tinned Goods
Tinned Goods
Ready made,Tinned Goods
Tinned Goods
Ready made,Alcohol,Milk,Snacks,Tinned Goods
Ready made,Frozen foods,Snacks,Tinned Goods
Ready made,Bakery goods,Tinned Goods
Ready made,Tinned Goods
Tinned Goods
Alcohol,Fresh Vegetables,Tinned Goods
Tinned Goods
Tinned Goods
Snacks,Tinned Goods
Ready made,Snacks,Tinned Goods
Frozen foods,Bakery goods,Tinned Goods
Tinned Goods
Frozen foods,Tinned Goods
Snacks,Tinned Goods
Tinned Goods
Tinned Goods
Bakery goods,Tinned Goods
Tinned Goods
Ready made,Milk,Bakery goods,Tinned Goods
Tinned Goods
Tinned Goods
Tinned Goods
Milk,Snacks,Tinned Goods
Tinned Goods
Ready made,Frozen foods,Tinned Goods
Bakery goods,Toiletries,Snacks,Tinned Goods
Snacks,Tinned Goods
Frozen foods,Alcohol,Bakery goods,Tinned Goods
Tinned Goods
Ready made,Tinned Goods
Snacks,Tinned Goods
Tinned Goods
Ready made,Fresh Vegetables,Snacks,Tinned Goods
Tinned Goods
Ready made,Frozen foods,Alcohol,Fresh Vegetables,Milk,Bakery goods,Snacks,Tinned Goods
Ready made,Tinned Goods
Ready made,Milk,Bakery goods,Tinned Goods
Ready made,Milk,Bakery goods,Tinned Goods
Tinned Goods
Snacks,Tinned Goods
Snacks,Tinned Goods
Ready made,Frozen foods,Alcohol,Milk,Bakery goods,Toiletries,Snacks,Tinned Goods
Tinned Goods
Ready made,Alcohol,Bakery goods,Tinned Goods
Ready made,Snacks,Tinned Goods
Tinned Goods
Frozen foods,Milk,Bakery goods,Snacks,Tinned Goods
Frozen foods,Fresh Vegetables,Bakery goods,Snacks,Tinned Goods
Ready made,Tinned Goods
Tinned Goods
Tinned Goods
Bakery goods,Tinned Goods
Snacks,Tinned Goods
Frozen foods,Tinned Goods
Ready made,Fresh Vegetables,Milk,Bakery goods,Snacks,Tinned Goods
Frozen foods,Tinned Goods
Frozen foods,Alcohol,Tinned Goods
Bakery goods,Tinned Goods
Frozen foods,Alcohol,Bakery goods,Tinned Goods
Tinned Goods
Frozen foods,Fresh Vegetables,Bakery goods,Snacks,Tinned Goods
Ready made,Alcohol,Snacks,Tinned Goods
Ready made,Snacks,Tinned Goods
Ready made,Snacks,Tinned Goods
Frozen foods,Bakery goods,Tinned Goods
Tinned Goods
Snacks,Tinned Goods
Tinned Goods
Tinned Goods
Ready made,Bakery goods,Snacks,Tinned Goods
Bakery goods,Tinned Goods
Tinned Goods
Frozen foods,Snacks,Tinned Goods
Tinned Goods
Snacks,Tinned Goods
Ready made,Alcohol,Bakery goods,Toiletries,Snacks,Tinned Goods
Frozen foods,Bakery goods,Tinned Goods
Tinned Goods
Bakery goods,Snacks,Tinned Goods
Alcohol,Milk,Snacks,Tinned Goods
Toiletries,Tinned Goods
Ready made,Fresh meat,Snacks,Tinned Goods
Tinned Goods
Milk,Tinned Goods
Tinned Goods
Frozen foods,Bakery goods,Snacks,Tinned Goods
Tinned Goods
Tinned Goods
Alcohol,Bakery goods,Tinned Goods
Tinned Goods
Ready made,Snacks,Tinned Goods
Bakery goods,Tinned Goods
Milk,Bakery goods,Tinned Goods
Frozen foods,Tinned Goods
Frozen foods,Bakery goods,Tinned Goods
Tinned Goods
Alcohol,Tinned Goods
Tinned Goods
Frozen foods,Bakery goods,Snacks,Tinned Goods
Tinned Goods
Snacks,Tinned Goods
Ready made,Alcohol,Bakery goods,Tinned Goods
Ready made,Frozen foods,Alcohol,Fresh Vegetables,Bakery goods,Snacks,Tinned Goods
Tinned Goods
Alcohol,Bakery goods,Tinned Goods
Ready made,Frozen foods,Alcohol,Milk,Bakery goods,Toiletries,Snacks,Tinned Goods
Ready made,Snacks,Tinned Goods
Tinned Goods
Ready made,Frozen foods,Fresh Vegetables,Bakery goods,Fresh meat,Snacks,Tinned Goods
Ready made,Alcohol,Bakery goods,Snacks,Tinned Goods
Tinned Goods
Ready made,Bakery goods,Snacks,Tinned Goods
Fresh Vegetables,Milk,Bakery goods,Snacks,Tinned Goods
Snacks,Tinned Goods
Ready made,Bakery goods,Tinned Goods
Ready made,Frozen foods,Snacks,Tinned Goods
Snacks,Tinned Goods
Tinned Goods
Frozen foods,Bakery goods,Tinned Goods
Frozen foods,Tinned Goods
Fresh Vegetables,Tinned Goods
Ready made,Fresh Vegetables,Milk,Bakery goods,Snacks,Tinned Goods
Snacks,Tinned Goods
Ready made,Frozen foods,Tinned Goods
Ready made,Milk,Snacks,Tinned Goods
Bakery goods,Tinned Goods
Tinned Goods
Tinned Goods
Ready made,Frozen foods,Alcohol,Milk,Fresh meat,Toiletries,Snacks
Ready made,Snacks
Ready made,Frozen foods,Alcohol,Milk,Bakery goods,Toiletries,Snacks
Ready made,Alcohol,Bakery goods,Snacks,Tinned Goods
Ready made,Alcohol,Milk,Bakery goods,Snacks,Tinned Goods
Ready made,Toiletries,Snacks
Ready made,Alcohol,Bakery goods,Toiletries
Ready made,Frozen foods,Alcohol,Fresh Vegetables,Milk,Bakery goods,Fresh meat,Snacks,Tinned Goods
Ready made,Alcohol,Bakery goods
Ready made,Frozen foods,Fresh Vegetables,Milk,Bakery goods,Tinned Goods
Ready made,Alcohol,Snacks,Tinned Goods
Ready made,Frozen foods,Alcohol,Bakery goods,Tinned Goods
Ready made,Snacks
Ready made,Milk,Bakery goods,Toiletries
Ready made,Bakery goods
Ready made,Frozen foods,Alcohol,Milk,Bakery goods,Toiletries,Snacks
Ready made,Alcohol,Fresh Vegetables,Milk,Bakery goods,Snacks,Tinned Goods
Ready made,Frozen foods,Alcohol,Milk,Bakery goods
Ready made,Frozen foods,Alcohol,Milk,Bakery goods,Fresh meat,Snacks,Tinned Goods
Ready made,Alcohol,Bakery goods,Snacks,Tinned Goods
Ready made,Frozen foods,Alcohol,Milk,Bakery goods,Snacks,Tinned Goods
Ready made,Frozen foods,Alcohol,Milk,Bakery goods,Snacks,Tinned Goods
Ready made,Frozen foods,Alcohol,Fresh Vegetables,Milk,Bakery goods
Ready made,Bakery goods
Ready made,Snacks
Ready made,Alcohol,Bakery goods
Ready made,Bakery goods
Ready made,Frozen foods,Alcohol,Bakery goods,Snacks
Ready made,Frozen foods,Alcohol,Milk,Snacks
Ready made,Frozen foods,Fresh Vegetables,Milk,Bakery goods,Fresh meat,Toiletries,Snacks,Tinned Goods
Ready made,Alcohol,Milk,Bakery goods,Snacks
Ready made,Frozen foods,Alcohol,Bakery goods,Snacks,Tinned Goods
Ready made,Frozen foods,Alcohol,Milk,Bakery goods,Snacks,Tinned Goods
Ready made,Alcohol,Fresh Vegetables,Milk,Bakery goods,Snacks,Tinned Goods
Ready made,Frozen foods,Alcohol,Milk,Bakery goods,Fresh meat,Snacks,Tinned Goods
Ready made,Alcohol,Milk,Bakery goods,Snacks,Tinned Goods
Ready made,Frozen foods,Alcohol,Fresh Vegetables,Bakery goods,Snacks,Tinned Goods
Ready made,Frozen foods,Alcohol,Fresh Vegetables,Milk,Bakery goods,Tinned Goods
Ready made,Frozen foods,Alcohol,Fresh Vegetables,Milk,Bakery goods,Snacks,Tinned Goods
Ready made,Frozen foods,Alcohol,Bakery goods,Snacks,Tinned Goods
Frozen foods,Alcohol,Milk,Bakery goods,Snacks,Tinned Goods
Ready made,Frozen foods,Alcohol,Milk,Tinned Goods
Ready made,Alcohol,Milk,Bakery goods,Snacks,Tinned Goods
Frozen foods,Alcohol,Fresh Vegetables,Milk,Bakery goods,Toiletries,Tinned Goods
Ready made,Frozen foods,Alcohol,Milk,Snacks,Tinned Goods
Ready made,Frozen foods,Alcohol,Milk,Bakery goods,Tinned Goods
Ready made,Frozen foods,Alcohol,Milk,Bakery goods,Tinned Goods
Ready made,Frozen foods,Alcohol,Fresh Vegetables,Milk,Bakery goods,Toiletries,Snacks,Tinned Goods
Ready made,Frozen foods,Alcohol,Milk,Bakery goods,Tinned Goods
Ready made,Frozen foods,Alcohol,Milk,Fresh meat,Snacks,Tinned Goods
Ready made,Frozen foods,Milk,Bakery goods,Snacks,Tinned Goods
Ready made,Frozen foods,Alcohol,Milk,Bakery goods,Fresh meat,Toiletries,Snacks,Tinned Goods
Ready made,Frozen foods,Alcohol,Milk,Fresh meat,Toiletries,Snacks,Tinned Goods
Ready made,Frozen foods,Alcohol,Milk,Bakery goods,Snacks,Tinned Goods
Ready made,Frozen foods,Alcohol,Milk,Bakery goods,Fresh meat,Snacks,Tinned Goods
Ready made,Frozen foods,Alcohol,Fresh Vegetables,Milk,Bakery goods,Tinned Goods
Ready made,Frozen foods,Alcohol,Fresh Vegetables,Milk,Bakery goods,Toiletries,Snacks,Tinned Goods
Ready made,Frozen foods,Alcohol,Fresh Vegetables,Milk,Bakery goods,Toiletries,Snacks,Tinned Goods
Ready made,Frozen foods,Alcohol,Bakery goods,Snacks,Tinned Goods
Milk,Tinned Goods
Ready made,Frozen foods,Alcohol,Milk,Bakery goods,Snacks,Tinned Goods
Ready made,Frozen foods,Alcohol,Milk,Bakery goods,Snacks,Tinned Goods
Ready made,Frozen foods,Alcohol,Fresh Vegetables,Bakery goods,Toiletries,Snacks,Tinned Goods
Ready made,Milk,Bakery goods,Snacks,Tinned Goods
Ready made,Alcohol,Milk,Fresh meat,Tinned Goods
Ready made,Alcohol,Milk,Bakery goods,Snacks,Tinned Goods
Ready made,Frozen foods,Alcohol,Fresh Vegetables,Fresh meat,Snacks,Tinned Goods
Ready made,Alcohol,Bakery goods,Snacks,Tinned Goods
Ready made,Frozen foods,Alcohol,Milk,Bakery goods,Snacks,Tinned Goods
Ready made,Frozen foods,Alcohol,Bakery goods,Fresh meat,Snacks,Tinned Goods
Ready made,Alcohol,Fresh Vegetables,Milk,Tinned Goods
Frozen foods,Milk,Tinned Goods
Frozen foods,Toiletries,Tinned Goods
Frozen foods,Alcohol,Fresh Vegetables,Milk,Bakery goods,Toiletries,Tinned Goods
Ready made,Frozen foods,Alcohol,Fresh Vegetables,Snacks,Tinned Goods
Ready made,Frozen foods,Milk,Bakery goods,Tinned Goods
Ready made,Frozen foods,Alcohol,Tinned Goods
Milk,Snacks,Tinned Goods
Frozen foods,Tinned Goods
Ready made,Frozen foods,Tinned Goods
Frozen foods,Alcohol,Snacks,Tinned Goods
Bakery goods,Snacks,Tinned Goods
Ready made,Alcohol,Milk,Bakery goods,Toiletries,Snacks
Fresh Vegetables,Snacks,Tinned Goods
Ready made,Bakery goods,Snacks
Frozen foods,Alcohol,Toiletries,Snacks
Ready made,Frozen foods,Bakery goods
Frozen foods,Alcohol,Milk,Bakery goods,Snacks,Tinned Goods
Snacks
Ready made,Bakery goods
Ready made,Frozen foods,Alcohol,Bakery goods,Snacks,Tinned Goods
Fresh Vegetables,Bakery goods
Bakery goods
Alcohol,Snacks,Tinned Goods
Ready made,Milk,Bakery goods,Snacks
Frozen foods,Bakery goods,Toiletries,Snacks,Tinned Goods
Frozen foods,Alcohol,Bakery goods,Toiletries,Snacks,Tinned Goods
Ready made,Frozen foods,Alcohol,Bakery goods,Tinned Goods
Alcohol,Snacks,Tinned Goods
Snacks
Fresh Vegetables,Snacks
Ready made,Milk,Bakery goods,Fresh meat,Tinned Goods
Snacks
Snacks,Tinned Goods
Frozen foods,Bakery goods
Frozen foods,Alcohol,Bakery goods
Snacks
Snacks
Bakery goods,Snacks
Frozen foods,Alcohol,Milk,Bakery goods,Snacks
Milk,Bakery goods,Snacks
Alcohol,Snacks
Frozen foods,Bakery goods,Snacks,Tinned Goods
Frozen foods,Alcohol,Fresh Vegetables,Milk,Bakery goods,Snacks,Tinned Goods
Bakery goods
Ready made,Frozen foods,Milk,Bakery goods,Tinned Goods
Ready made,Frozen foods,Bakery goods,Tinned Goods
Bakery goods
Bakery goods
Bakery goods,Snacks
Ready made,Frozen foods,Snacks
Snacks
Bakery goods,Toiletries,Snacks
Bakery goods
Snacks
Snacks
Bakery goods,Toiletries,Snacks
Frozen foods,Milk,Bakery goods,Toiletries,Snacks,Tinned Goods
Milk
Fresh Vegetables,Milk,Bakery goods,Snacks,Tinned Goods
Alcohol,Bakery goods,Toiletries,Snacks
Frozen foods,Fresh Vegetables,Bakery goods,Snacks
Ready made,Bakery goods
Ready made,Milk,Bakery goods
Ready made,Bakery goods,Tinned Goods
Bakery goods,Snacks
Bakery goods
Snacks
Ready made,Milk,Bakery goods
Alcohol,Milk,Bakery goods
Bakery goods,Snacks,Tinned Goods
Ready made,Bakery goods,Snacks
Ready made,Frozen foods,Bakery goods,Snacks
Alcohol,Bakery goods
Snacks
Bakery goods,Toiletries,Snacks
Ready made,Milk,Tinned Goods
Ready made,Frozen foods,Bakery goods,Tinned Goods
Frozen foods,Snacks
Bakery goods
Bakery goods
Fresh Vegetables,Milk,Fresh meat,Snacks
Frozen foods,Bakery goods,Tinned Goods
Ready made,Frozen foods,Alcohol,Milk,Bakery goods,Fresh meat,Snacks,Tinned Goods
Snacks
Snacks
Bakery goods
Frozen foods,Alcohol,Bakery goods,Toiletries,Snacks,Tinned Goods
Ready made,Bakery goods
Frozen foods,Alcohol,Bakery goods,Snacks
Snacks,Tinned Goods
Ready made,Frozen foods,Alcohol,Milk,Bakery goods,Toiletries,Snacks,Tinned Goods
Snacks
Ready made,Frozen foods,Bakery goods,Snacks
Snacks,Tinned Goods
Alcohol,Bakery goods,Tinned Goods
Snacks
Ready made,Alcohol,Bakery goods,Toiletries,Snacks
Alcohol,Bakery goods,Snacks
Frozen foods,Bakery goods,Snacks,Tinned Goods
Alcohol,Snacks,Tinned Goods
Snacks
Ready made,Frozen foods,Bakery goods,Snacks,Tinned Goods
Ready made,Frozen foods,Fresh Vegetables,Milk,Bakery goods,Toiletries,Snacks,Tinned Goods
Ready made,Milk,Bakery goods,Tinned Goods
Ready made,Frozen foods,Alcohol,Bakery goods
Ready made,Frozen foods,Alcohol,Milk,Bakery goods,Snacks,Tinned Goods
Ready made,Milk,Bakery goods,Snacks,Tinned Goods
Frozen foods,Alcohol,Bakery goods,Snacks
Frozen foods,Bakery goods,Snacks,Tinned Goods
Ready made,Frozen foods,Alcohol,Bakery goods,Snacks,Tinned Goods
Snacks
Ready made,Alcohol,Bakery goods,Snacks,Tinned Goods
Bakery goods
Snacks
Ready made,Milk,Bakery goods,Snacks
Ready made,Bakery goods
Snacks
Ready made,Frozen foods,Bakery goods,Snacks,Tinned Goods
Ready made,Frozen foods,Milk,Snacks
Alcohol,Fresh Vegetables,Toiletries,Snacks,Tinned Goods
Ready made,Bakery goods
Alcohol,Milk,Bakery goods,Snacks,Tinned Goods
Frozen foods,Alcohol,Milk,Bakery goods,Toiletries,Snacks
Snacks
Ready made,Frozen foods,Alcohol,Bakery goods,Snacks,Tinned Goods
Frozen foods,Fresh Vegetables,Milk,Tinned Goods
Frozen foods,Alcohol,Bakery goods,Toiletries,Snacks
Ready made,Bakery goods,Snacks
Frozen foods,Bakery goods
Ready made,Frozen foods,Alcohol,Milk,Bakery goods,Toiletries,Snacks,Tinned Goods
Bakery goods
Frozen foods,Alcohol,Fresh Vegetables,Snacks,Tinned Goods
Ready made,Alcohol,Milk,Bakery goods,Snacks
Ready made,Frozen foods,Milk,Bakery goods,Tinned Goods
Fresh Vegetables,Milk,Snacks
Snacks
Alcohol,Fresh Vegetables,Milk,Bakery goods
Frozen foods,Bakery goods,Tinned Goods
Ready made,Alcohol,Bakery goods,Tinned Goods
Bakery goods
Ready made,Frozen foods,Milk,Bakery goods,Toiletries,Tinned Goods
Frozen foods,Bakery goods,Snacks
Snacks
Ready made,Frozen foods,Alcohol,Fresh Vegetables,Bakery goods,Snacks,Tinned Goods
Fresh Vegetables,Bakery goods,Snacks,Tinned Goods
Ready made,Frozen foods,Alcohol,Bakery goods,Toiletries,Tinned Goods
Toiletries,Snacks,Tinned Goods
Milk,Bakery goods,Toiletries
Bakery goods,Snacks,Tinned Goods
Bakery goods,Snacks
Ready made,Fresh Vegetables,Bakery goods,Tinned Goods
Ready made,Alcohol,Bakery goods,Snacks
Snacks
Frozen foods,Milk,Bakery goods,Snacks,Tinned Goods
Bakery goods,Tinned Goods
Ready made,Fresh Vegetables,Milk,Bakery goods,Toiletries,Snacks,Tinned Goods
Fresh Vegetables,Toiletries,Snacks,Tinned Goods
Bakery goods,Snacks
Snacks
Frozen foods,Snacks
Fresh Vegetables,Milk,Bakery goods,Tinned Goods
Alcohol,Bakery goods,Snacks
Frozen foods,Alcohol,Bakery goods,Snacks
Ready made,Alcohol,Milk,Bakery goods,Snacks,Tinned Goods
Snacks
Snacks
Snacks
Snacks
Frozen foods,Bakery goods,Snacks,Tinned Goods
Snacks
Bakery goods
Ready made,Frozen foods,Alcohol,Fresh Vegetables,Bakery goods,Snacks
Milk,Snacks,Tinned Goods
Snacks
Snacks
Snacks
Ready made,Frozen foods,Alcohol,Milk,Bakery goods,Toiletries,Tinned Goods
Alcohol,Bakery goods
Ready made,Bakery goods,Toiletries,Snacks
Ready made,Frozen foods,Snacks,Tinned Goods
Frozen foods,Bakery goods,Toiletries,Tinned Goods
Ready made,Bakery goods
Snacks
Snacks
Frozen foods,Alcohol,Milk,Bakery goods,Toiletries,Snacks,Tinned Goods
Milk,Bakery goods
Ready made,Frozen foods,Alcohol,Fresh Vegetables,Bakery goods,Fresh meat
Bakery goods,Snacks
Bakery goods,Snacks,Tinned Goods
Snacks,Tinned Goods
Frozen foods,Bakery goods,Tinned Goods
Bakery goods,Snacks
Snacks
Snacks
Frozen foods,Bakery goods,Snacks,Tinned Goods
Ready made,Bakery goods,Toiletries,Snacks
Frozen foods,Bakery goods
Snacks
Ready made,Bakery goods,Toiletries,Snacks
Bakery goods,Tinned Goods
Ready made,Alcohol,Bakery goods,Snacks
Ready made,Frozen foods,Alcohol,Bakery goods,Snacks
Frozen foods,Alcohol,Fresh Vegetables,Milk,Bakery goods,Tinned Goods
Ready made,Frozen foods,Alcohol,Milk,Bakery goods,Toiletries,Snacks,Tinned Goods
Frozen foods,Alcohol,Snacks
Alcohol,Snacks
Frozen foods,Alcohol,Milk,Bakery goods,Snacks
Ready made,Frozen foods,Alcohol,Milk,Bakery goods,Snacks
Ready made,Frozen foods,Milk
Alcohol,Bakery goods
Ready made,Alcohol,Milk,Bakery goods,Snacks,Tinned Goods
Ready made,Frozen foods,Alcohol,Fresh Vegetables,Milk,Bakery goods,Snacks,Tinned Goods
Frozen foods,Snacks
Frozen foods,Alcohol,Milk,Bakery goods,Toiletries,Snacks
Ready made,Frozen foods,Alcohol,Bakery goods,Snacks
Ready made,Frozen foods,Alcohol,Milk,Bakery goods
Frozen foods,Snacks
Alcohol,Snacks,Tinned Goods
Alcohol,Bakery goods
Alcohol,Snacks
Frozen foods,Snacks
Alcohol,Bakery goods,Snacks
Alcohol
Frozen foods,Fresh Vegetables,Bakery goods,Tinned Goods
Ready made,Alcohol,Milk,Snacks
Ready made,Alcohol,Bakery goods
Ready made,Frozen foods,Alcohol,Snacks
Frozen foods
Ready made,Alcohol,Toiletries
Ready made,Frozen foods,Tinned Goods
Frozen foods,Snacks
Frozen foods,Alcohol,Bakery goods
Ready made,Frozen foods,Alcohol,Snacks
Ready made,Frozen foods,Alcohol,Bakery goods,Toiletries,Snacks
Ready made,Frozen foods,Alcohol,Bakery goods
Alcohol,Snacks
Frozen foods,Alcohol,Tinned Goods
Ready made,Frozen foods,Alcohol,Fresh Vegetables,Milk,Bakery goods,Toiletries,Snacks,Tinned Goods
Frozen foods,Alcohol
Frozen foods,Alcohol,Bakery goods
Frozen foods,Snacks
Frozen foods,Alcohol,Bakery goods
Alcohol,Milk
Ready made,Alcohol,Bakery goods
Frozen foods,Snacks
Frozen foods
Ready made,Frozen foods,Toiletries
Ready made,Frozen foods,Alcohol
Ready made,Frozen foods,Alcohol,Fresh Vegetables,Bakery goods,Toiletries,Snacks,Tinned Goods
Frozen foods,Alcohol,Bakery goods
Frozen foods,Alcohol,Snacks,Tinned Goods
Frozen foods
Frozen foods,Alcohol
Frozen foods,Alcohol,Snacks
Frozen foods,Alcohol,Fresh Vegetables,Milk,Bakery goods,Snacks,Tinned Goods
Frozen foods
Ready made,Frozen foods,Alcohol,Bakery goods
Alcohol
Frozen foods,Tinned Goods
Frozen foods
Ready made,Alcohol
Frozen foods,Alcohol
Alcohol
Alcohol,Tinned Goods
Alcohol,Snacks,Tinned Goods
Alcohol,Snacks
Frozen foods,Alcohol,Toiletries
Frozen foods
Frozen foods,Alcohol,Bakery goods,Tinned Goods
Ready made,Frozen foods,Alcohol
Ready made,Frozen foods,Alcohol,Snacks,Tinned Goods
Frozen foods,Alcohol,Snacks
Frozen foods,Alcohol,Milk,Snacks
Frozen foods,Alcohol,Snacks
Alcohol
Frozen foods,Tinned Goods
Alcohol
Frozen foods,Alcohol,Tinned Goods
Ready made,Frozen foods
Alcohol
Frozen foods,Alcohol,Tinned Goods
Alcohol,Bakery goods
Frozen foods,Alcohol,Bakery goods,Fresh meat,Toiletries,Snacks
Ready made,Frozen foods,Alcohol
Ready made,Alcohol,Bakery goods,Snacks
Alcohol,Bakery goods,Toiletries,Snacks
Alcohol
Frozen foods,Alcohol,Bakery goods,Toiletries,Snacks
Alcohol
Alcohol,Bakery goods,Snacks
Ready made,Frozen foods,Alcohol,Bakery goods,Tinned Goods
Alcohol
Frozen foods,Alcohol,Milk
Alcohol
Frozen foods,Alcohol,Bakery goods,Snacks
Frozen foods,Alcohol
Frozen foods
Frozen foods,Alcohol,Tinned Goods
Frozen foods
Ready made,Frozen foods,Alcohol
Alcohol
Alcohol
Frozen foods
Frozen foods
Frozen foods,Alcohol
Ready made,Frozen foods,Alcohol,Bakery goods,Tinned Goods
Alcohol,Bakery goods,Toiletries,Snacks
Alcohol
Frozen foods
Frozen foods,Alcohol,Snacks
Ready made,Frozen foods,Alcohol,Bakery goods,Tinned Goods
Ready made,Frozen foods,Alcohol,Bakery goods,Snacks,Tinned Goods
Frozen foods,Snacks
Alcohol,Bakery goods
Alcohol,Bakery goods
Frozen foods,Snacks
Frozen foods
Frozen foods,Alcohol,Toiletries,Snacks
Ready made,Frozen foods,Alcohol,Fresh Vegetables,Bakery goods
Ready made,Frozen foods,Bakery goods
Ready made,Alcohol
Alcohol
Frozen foods,Alcohol
Frozen foods,Alcohol,Toiletries,Snacks
Frozen foods,Milk,Bakery goods,Snacks,Tinned Goods
Alcohol,Bakery goods,Snacks
Ready made,Alcohol
Ready made,Frozen foods,Bakery goods,Toiletries,Snacks,Tinned Goods
Alcohol,Snacks
Frozen foods,Bakery goods,Tinned Goods
Alcohol
Alcohol
Frozen foods,Alcohol
Alcohol,Milk,Snacks
Alcohol,Bakery goods,Snacks
Alcohol,Snacks
Frozen foods,Milk,Bakery goods,Snacks
Frozen foods,Alcohol,Fresh Vegetables,Tinned Goods
Ready made,Frozen foods,Alcohol
Ready made,Frozen foods,Alcohol,Snacks
Ready made,Frozen foods,Snacks
Frozen foods
Alcohol
Alcohol
Frozen foods,Bakery goods,Snacks
Ready made,Frozen foods
Ready made,Frozen foods,Alcohol
Frozen foods,Alcohol,Bakery goods
Ready made,Frozen foods,Alcohol,Milk,Bakery goods,Snacks
Frozen foods,Bakery goods
Ready made,Alcohol,Milk
Frozen foods
Ready made,Frozen foods,Snacks
Alcohol
Frozen foods,Alcohol,Snacks
Ready made,Alcohol
Frozen foods
Frozen foods,Bakery goods,Tinned Goods
Frozen foods,Alcohol,Snacks
Frozen foods,Alcohol,Snacks
Frozen foods,Alcohol,Snacks
Ready made,Alcohol
Ready made,Alcohol,Bakery goods,Snacks
Frozen foods,Snacks
Frozen foods,Alcohol
Ready made,Frozen foods,Milk,Bakery goods,Snacks
Ready made,Frozen foods,Alcohol
Alcohol,Snacks
Alcohol
Alcohol
Alcohol
Frozen foods,Toiletries
Alcohol,Snacks
Ready made,Frozen foods,Milk,Tinned Goods
Frozen foods
Frozen foods,Snacks
Frozen foods
Ready made,Frozen foods,Alcohol,Fresh Vegetables,Bakery goods,Snacks,Tinned Goods
Ready made,Frozen foods,Alcohol,Snacks
Ready made,Frozen foods,Alcohol,Bakery goods
Ready made,Frozen foods,Alcohol,Bakery goods
Ready made,Frozen foods,Bakery goods
Frozen foods,Alcohol,Snacks
Frozen foods,Fresh Vegetables
Frozen foods,Alcohol
Ready made,Frozen foods,Bakery goods,Snacks
Ready made,Frozen foods,Bakery goods,Tinned Goods
Alcohol,Snacks
Ready made,Frozen foods,Alcohol,Bakery goods,Snacks,Tinned Goods
Alcohol
Alcohol
Frozen foods,Bakery goods,Snacks
Ready made,Frozen foods,Alcohol,Milk,Bakery goods,Snacks
Alcohol,Snacks
Alcohol,Bakery goods
Frozen foods
Frozen foods,Alcohol
Frozen foods,Alcohol,Toiletries,Tinned Goods
Alcohol
Ready made,Frozen foods,Bakery goods,Snacks
Alcohol
Frozen foods,Alcohol,Snacks
Frozen foods
